{
  "project_info": {
    "project_number": "792202373984",
    "firebase_url": "https://gclose-c8d2d.firebaseio.com",
    "project_id": "gclose-c8d2d",
    "storage_bucket": "gclose-c8d2d.appspot.com"
  },
  "client": [
    {
      "client_info": {
        "mobilesdk_app_id": "1:792202373984:android:793d5826347edee3",
        "android_client_info": {
          "package_name": "com.becafe.gclose"
        }
      },
      "oauth_client": [
        {
          "client_id": "792202373984-h3rt7afkro7ekpk2q9pfk2nc2767smd6.apps.googleusercontent.com",
          "client_type": 1,
          "android_info": {
            "package_name": "com.becafe.gclose",
            "certificate_hash": "8193b8646e91c6be25dae68683cb12da04f39067"
          }
        },
        {
          "client_id": "792202373984-0j6i15duaq9g8b9i7edilj562rs3eru4.apps.googleusercontent.com",
          "client_type": 3
        }
      ],
      "api_key": [
        {
          "current_key": "AIzaSyCJxD-NBifdr70zNu_lGNhrwQYD9OGNK90"
        }
      ],
      "services": {
        "analytics_service": {
          "status": 1
        },
        "appinvite_service": {
          "status": 2,
          "other_platform_oauth_client": [
            {
              "client_id": "792202373984-0j6i15duaq9g8b9i7edilj562rs3eru4.apps.googleusercontent.com",
              "client_type": 3
            },
            {
              "client_id": "792202373984-4rfn3tv220vml8rcv1g4701liraf2vak.apps.googleusercontent.com",
              "client_type": 2,
              "ios_info": {
                "bundle_id": "com.becafe.gclose"
              }
            }
          ]
        },
        "ads_service": {
          "status": 2
        }
      }
    }
  ],
  "configuration_version": "1"
}